Order_ID,Order_Date,Region,Product_Category,Units_Sold,Unit_Price,Discount_Percent,Customer_Age,Sales_Revenue
1845,2024-01-03,South,Sports,5,69.32,6.7,38.0,323.38
1381,2024-01-03,North,Toys,8,31.27,26.1,20.0,184.87
1901,2024-01-03,East,Home & Garden,6,82.84,0.1,30.0,496.54
1846,2024-01-03,South,Sports,6,52.35,20.9,20.0,248.45
1773,2024-01-03,North,Clothing,11,42.11,20.5,41.0,368.25
1575,2024-01-04,West,Electronics,8,236.46,14.4,42.0,1619.28
1465,2024-01-04,South,Toys,4,25.88,27.5,25.0,75.05
1707,2024-01-05,East,Toys,8,33.21,3.2,39.0,257.18
1104,2024-01-05,North,Electronics,3,244.66,24.5,43.0,554.15
1303,2024-01-06,East,Sports,3,58.54,7.5,39.0,162.45
1801,2024-01-07,West,Electronics,10,250.58,21.7,28.0,1962.04
1790,2024-01-07,West,Sports,12,51.13,21.1,36.0,484.1
1410,2024-01-08,North,Clothing,6,44.39,25.5,50.0,198.42
1839,2024-01-08,North,Clothing,6,51.64,7.3,18.0,287.22
1889,2024-01-09,North,Electronics,11,230.99,30.0,59.0,1778.62
1478,2024-01-10,North,Clothing,11,50.6,21.4,59.0,437.49
1415,2024-01-10,South,Home & Garden,6,87.44,29.0,59.0,372.49
1233,2024-01-11,West,Toys,5,30.66,1.4,31.0,151.15
1540,2024-01-12,South,Sports,3,58.74,0.5,59.0,175.34
1300,2024-01-12,West,Electronics,12,226.02,18.2,61.0,2218.61
1272,2024-01-13,South,Electronics,3,198.53,13.9,35.0,512.8
1369,2024-01-13,North,Toys,10,33.32,1.3,69.0,328.87
1170,2024-01-13,West,Toys,11,26.31,14.8,59.0,246.58
1454,2024-01-14,South,Clothing,5,40.96,5.3,41.0,193.95
1821,2024-01-14,East,Clothing,8,47.6,23.6,22.0,290.93
1429,2024-01-14,West,Clothing,7,47.66,4.7,65.0,317.94
1830,2024-01-16,North,Toys,6,34.17,20.7,56.0,162.58
1138,2024-01-17,North,Clothing,11,51.91,1.7,41.0,561.3
1787,2024-01-18,South,Electronics,11,216.32,12.5,24.0,2082.08
1385,2024-01-18,North,Clothing,13,52.12,23.0,27.0,521.72
1147,2024-01-19,North,Home & Garden,7,94.42,19.6,60.0,531.4
1663,2024-01-20,North,Electronics,6,250.14,24.9,47.0,1127.13
1970,2024-01-20,East,Electronics,9,244.08,19.4,67.0,1770.56
1844,2024-01-20,South,Toys,11,35.03,23.7,55.0,294.01
1117,2024-01-21,West,Toys,6,25.58,28.6,62.0,109.58
1328,2024-01-21,North,Electronics,10,247.76,9.6,25.0,2239.75
1870,2024-01-22,North,Sports,7,54.36,1.8,44.0,373.67
1250,2024-01-23,South,Toys,4,26.84,12.1,46.0,94.37
1562,2024-01-24,South,Clothing,6,42.68,25.0,47.0,192.06
1902,2024-01-24,West,Home & Garden,7,82.57,7.1,47.0,536.95
1056,2024-01-24,South,Toys,4,25.7,29.0,59.0,72.99
1817,2024-01-24,East,Clothing,5,46.02,0.1,28.0,229.87
1397,2024-01-25,West,Sports,7,59.4,27.4,46.0,301.87
1811,2024-01-25,East,Clothing,4,43.06,7.5,20.0,159.32
1352,2024-01-25,West,Clothing,6,45.31,3.5,56.0,262.34
1574,2024-01-27,South,Toys,7,35.72,11.2,41.0,222.04
1699,2024-01-28,North,Clothing,4,43.74,3.8,56.0,168.31
1584,2024-01-29,East,Home & Garden,5,87.49,5.4,44.0,413.83
1848,2024-01-29,South,Home & Garden,9,93.8,18.1,60.0,691.4
1887,2024-01-30,West,Sports,7,62.76,14.7,28.0,374.74
1898,2024-01-30,East,Toys,10,26.92,6.7,31.0,251.16
1546,2024-01-30,South,Home & Garden,8,92.25,21.7,50.0,577.85
1542,2024-01-31,West,Clothing,7,46.21,11.2,23.0,287.24
1150,2024-02-01,West,Toys,7,35.48,1.6,58.0,244.39
1858,2024-02-01,West,Home & Garden,3,81.34,13.1,56.0,212.05
1619,2024-02-03,East,Electronics,6,233.76,19.8,46.0,1124.85
1036,2024-02-04,West,Sports,7,70.3,26.3,70.0,362.68
1279,2024-02-05,South,Electronics,8,213.46,8.4,53.0,1564.23
1518,2024-02-06,East,Electronics,4,192.31,23.6,62.0,587.7
1045,2024-02-07,South,Sports,2,58.58,6.8,66.0,109.19
1387,2024-02-07,West,Home & Garden,7,95.78,11.4,43.0,594.03
1899,2024-02-08,West,Sports,10,65.24,17.4,50.0,538.88
1659,2024-02-09,East,Toys,11,27.68,28.7,62.0,217.09
1069,2024-02-11,South,Clothing,10,52.23,17.7,58.0,429.85
1217,2024-02-13,South,Home & Garden,9,95.71,4.4,39.0,823.49
1127,2024-02-13,South,Toys,7,32.32,3.5,32.0,218.32
1439,2024-02-14,West,Clothing,7,47.64,27.8,47.0,240.77
1280,2024-02-15,East,Toys,9,30.52,,51.0,249.41
1431,2024-02-16,North,Home & Garden,10,73.16,2.9,56.0,710.38
1678,2024-02-16,West,Home & Garden,6,81.45,28.1,61.0,351.38
1246,2024-02-16,West,Toys,3,26.2,8.4,38.0,72.0
1753,2024-02-17,East,Sports,6,61.4,22.0,60.0,287.35
1196,2024-02-17,West,Sports,5,70.66,5.0,19.0,335.63
1007,2024-02-17,South,Toys,7,25.76,6.2,40.0,169.14
1728,2024-02-17,North,Home & Garden,10,82.62,1.3,19.0,815.46
1881,2024-02-17,North,Clothing,8,45.58,18.2,55.0,298.28
1001,2024-02-18,West,Toys,10,31.29,23.4,41.0,239.68
1826,2024-02-19,West,Toys,6,28.04,23.7,55.0,128.37
1133,2024-02-19,East,Sports,7,66.48,19.2,54.0,376.01
1359,2024-02-19,East,Electronics,8,206.42,6.7,62.0,1540.72
1172,2024-02-19,East,Sports,5,64.86,5.4,47.0,306.79
1695,2024-02-19,West,Electronics,4,252.54,9.4,27.0,915.2
1910,2024-02-20,South,Toys,4,32.4,5.7,59.0,122.21
1033,2024-02-20,North,Sports,12,69.75,5.4,46.0,791.8
1010,2024-02-21,East,Home & Garden,8,89.37,23.2,50.0,549.09
1581,2024-02-21,South,Clothing,1,49.36,4.7,54.0,47.04
1700,2024-02-21,North,Toys,4,34.53,4.9,25.0,131.35
1376,2024-02-21,West,Toys,12,27.37,1.5,64.0,323.51
1243,2024-02-21,South,Toys,4,32.73,29.9,33.0,91.77
1951,2024-02-21,North,Toys,11,27.78,23.3,67.0,234.38
1791,2024-02-22,West,Home & Garden,13,88.83,16.9,69.0,959.63
1674,2024-02-22,North,Sports,7,62.69,4.2,54.0,420.4
1977,2024-02-22,South,Toys,7,32.45,4.6,68.0,216.7
1218,2024-02-22,West,Sports,7,52.21,26.8,56.0,267.52
1087,2024-02-23,East,Toys,4,31.05,13.1,34.0,107.93
1588,2024-02-24,South,Electronics,9,255.51,1.3,18.0,2269.7
1891,2024-02-24,North,Electronics,6,259.47,25.5,46.0,1159.83
1580,2024-02-25,East,Sports,7,51.19,9.1,50.0,325.72
1258,2024-02-26,East,Home & Garden,6,89.75,28.7,,383.95
1516,2024-02-27,West,Toys,7,26.95,27.1,61.0,137.53
1460,2024-02-27,North,Home & Garden,5,81.99,6.8,,382.07
1322,2024-02-28,North,Clothing,8,49.18,19.9,54.0,315.15
1583,2024-02-28,South,Home & Garden,8,83.34,29.4,24.0,470.7
1171,2024-02-28,North,Sports,7,67.23,14.5,20.0,402.37
1818,2024-02-28,West,Clothing,5,38.71,7.1,54.0,179.81
1310,2024-02-29,East,Toys,6,33.51,2.3,22.0,196.44
1480,2024-02-29,North,Home & Garden,6,94.53,18.0,29.0,465.09
1808,2024-03-01,South,Home & Garden,8,84.72,10.0,50.0,609.98
1120,2024-03-03,East,Home & Garden,8,77.57,17.9,31.0,509.48
1501,2024-03-03,East,Home & Garden,6,81.15,29.2,27.0,344.73
1873,2024-03-03,West,Sports,6,70.61,12.7,42.0,369.86
1538,2024-03-04,South,Electronics,11,241.39,4.3,29.0,2541.11
1365,2024-03-04,West,Home & Garden,9,90.93,27.1,68.0,596.59
1198,2024-03-05,West,Toys,5,27.56,28.5,43.0,98.53
1778,2024-03-05,West,Electronics,6,221.41,12.6,55.0,1161.07
1726,2024-03-05,East,Sports,11,58.26,14.3,25.0,549.22
1313,2024-03-06,East,Sports,9,58.04,,64.0,494.15
1946,2024-03-06,North,Electronics,8,255.42,7.1,58.0,1898.28
1724,2024-03-06,South,Sports,7,58.72,12.5,57.0,359.66
1497,2024-03-06,West,Home & Garden,8,88.92,16.0,21.0,597.54
1863,2024-03-06,West,Toys,7,31.39,26.8,,160.84
1784,2024-03-07,West,Toys,7,28.08,7.7,57.0,181.42
1418,2024-03-07,South,Home & Garden,6,72.13,5.5,51.0,408.98
1436,2024-03-08,East,Electronics,6,203.47,4.6,59.0,1164.66
1783,2024-03-08,West,Electronics,6,219.06,6.2,52.0,1232.87
1386,2024-03-08,West,Clothing,6,51.21,9.3,53.0,278.68
1874,2024-03-09,North,Toys,6,32.35,17.5,58.0,160.13
1157,2024-03-10,South,Electronics,8,214.84,1.9,59.0,1686.06
1759,2024-03-10,South,Home & Garden,6,95.55,1.5,39.0,564.7
1221,2024-03-10,West,Sports,12,58.97,14.9,69.0,602.2
1705,2024-03-11,North,Toys,377,32.32,11.5,23.0,10783.41
1945,2024-03-11,West,Clothing,5,50.39,29.6,34.0,177.37
1018,2024-03-11,East,Home & Garden,6,77.0,21.2,44.0,364.06
1074,2024-03-12,South,Home & Garden,6,83.59,29.3,53.0,354.59
1434,2024-03-12,,Home & Garden,6,75.09,15.6,,380.26
1670,2024-03-13,West,Sports,6,55.67,26.1,65.0,246.84
1443,2024-03-13,North,Toys,6,29.77,,65.0,136.47
1414,2024-03-13,East,Sports,5,54.66,25.5,33.0,203.61
1604,2024-03-14,East,Clothing,5,38.62,26.4,56.0,142.12
1948,2024-03-14,South,Toys,10,32.82,3.3,19.0,317.37
1823,2024-03-15,North,Clothing,7,43.99,11.7,68.0,271.9
1682,2024-03-16,North,Electronics,3,202.52,9.8,33.0,548.02
1721,2024-03-17,East,Electronics,3,242.29,27.6,45.0,526.25
1462,2024-03-17,North,Clothing,5,39.0,22.4,32.0,151.32
1620,2024-03-17,West,Toys,6,28.73,10.0,31.0,155.14
1769,2024-03-17,South,Electronics,8,206.9,14.1,51.0,1421.82
1100,2024-03-17,North,Home & Garden,7,71.81,2.6,39.0,489.6
1241,2024-03-17,North,Home & Garden,6,86.38,,61.0,403.22
1306,2024-03-17,North,Sports,9,55.69,9.0,40.0,456.1
1118,2024-03-17,East,Home & Garden,3,76.8,13.3,52.0,199.76
1329,2024-03-18,North,Sports,3,68.41,0.6,68.0,204.0
1528,2024-03-19,West,Electronics,5,212.38,24.4,43.0,802.8
1408,2024-03-19,East,Toys,5,26.45,21.3,63.0,104.08
1834,2024-03-19,East,Electronics,3,217.18,11.3,51.0,577.92
1522,2024-03-20,North,Sports,10,52.12,24.6,46.0,392.98
1924,2024-03-20,East,Home & Garden,7,87.56,10.8,45.0,546.72
1256,2024-03-20,East,Electronics,10,197.45,17.2,67.0,1634.89
1752,2024-03-21,North,Toys,6,30.62,2.7,23.0,178.76
1975,2024-03-21,North,Home & Garden,8,86.7,24.1,35.0,526.44
1457,2024-03-22,West,Toys,6,35.34,3.7,45.0,204.19
1938,2024-03-22,East,Home & Garden,8,85.66,5.8,42.0,645.53
1273,2024-03-23,South,Toys,12,29.26,12.7,,306.53
1357,2024-03-23,South,Clothing,3,40.72,15.5,37.0,103.23
1390,2024-03-24,West,Toys,5,35.46,29.0,59.0,125.88
1961,2024-03-24,West,Toys,9,30.9,9.2,29.0,252.51
1182,2024-03-24,North,Toys,6,27.83,15.2,27.0,141.6
1536,2024-03-25,West,Electronics,5,205.77,13.8,21.0,886.87
1058,2024-03-25,East,Sports,5,68.37,30.0,28.0,239.3
1884,2024-03-25,North,Toys,9,29.1,21.1,19.0,206.64
1847,2024-03-26,West,Home & Garden,6,89.19,25.6,58.0,398.14
1533,2024-03-26,West,Toys,8,32.33,4.0,49.0,248.29
1750,2024-03-27,West,Sports,5,69.95,6.6,64.0,326.67
1937,2024-03-27,West,Clothing,7,45.29,16.2,22.0,265.67
1083,2024-03-28,South,Toys,8,28.02,5.6,,211.61
1287,2024-03-29,West,Toys,13,26.88,12.1,67.0,307.16
1178,2024-03-29,South,Electronics,10,210.02,20.7,39.0,1665.46
1350,2024-03-31,East,Home & Garden,6,86.92,23.3,65.0,400.01
1623,2024-03-31,North,Toys,5,29.79,12.8,39.0,129.88
1467,2024-03-31,South,Sports,6,65.83,15.1,56.0,335.34
1532,2024-03-31,West,Electronics,8,238.83,22.3,64.0,1484.57
1041,2024-03-31,South,Sports,7,61.58,,54.0,400.45
1187,2024-03-31,South,Electronics,5,243.15,20.8,31.0,962.87
1703,2024-04-01,North,Sports,8,63.81,28.5,59.0,364.99
1168,2024-04-01,West,Clothing,8,51.98,27.4,18.0,301.9
1685,2024-04-02,East,Clothing,8,44.26,10.8,45.0,315.84
1704,2024-04-03,West,Electronics,11,208.7,3.7,64.0,2210.76
1262,2024-04-03,West,Toys,8,33.7,25.7,66.0,200.31
1908,2024-04-04,West,Electronics,9,216.14,16.7,35.0,1620.4
1411,2024-04-05,East,Electronics,9,193.28,0.3,50.0,1734.3
1259,2024-04-05,North,Home & Garden,10,92.23,8.7,26.0,842.06
1544,2024-04-05,South,Home & Garden,4,93.56,5.4,42.0,354.03
1230,2024-04-06,West,Clothing,6,43.67,25.7,68.0,194.68
1661,2024-04-06,South,Sports,8,52.95,24.3,45.0,320.67
1761,2024-04-06,North,Clothing,6,53.76,2.7,45.0,313.85
1251,2024-04-08,East,Clothing,9,49.73,3.3,53.0,432.8
1392,2024-04-08,North,Home & Garden,4,92.18,0.8,43.0,365.77
1349,2024-04-08,North,Sports,9,66.8,16.3,31.0,503.2
1469,2024-04-09,North,Sports,8,56.14,26.9,26.0,328.31
1564,2024-04-09,South,Toys,9,25.83,10.2,69.0,208.76
1023,2024-04-09,East,Toys,9,32.64,15.8,29.0,247.35
1912,2024-04-10,North,Toys,6,29.92,18.1,23.0,147.03
1635,2024-04-10,North,Home & Garden,7,91.38,29.2,48.0,452.88
1253,2024-04-12,North,Electronics,5,238.77,21.0,28.0,943.14
1072,2024-04-13,East,Clothing,5,40.76,2.3,69.0,199.11
1888,2024-04-15,North,Home & Garden,11,75.11,17.2,54.0,684.1
1523,2024-04-15,North,Electronics,9,242.69,7.2,28.0,2026.95
1543,2024-04-16,West,Electronics,4,211.59,18.6,44.0,688.94
1052,2024-04-16,South,Clothing,6,50.75,16.4,43.0,254.56
1398,2024-04-17,South,Sports,7,64.44,16.0,48.0,378.91
1993,2024-04-17,North,Clothing,6,49.85,2.5,63.0,291.62
1838,2024-04-18,West,Clothing,5,49.36,2.0,,241.86
1426,2024-04-19,East,Toys,7,29.61,7.6,65.0,191.52
1102,2024-04-19,East,Home & Garden,7,90.98,,21.0,539.42
1872,2024-04-20,West,Clothing,4,39.85,22.2,38.0,124.01
1009,2024-04-20,West,Sports,8,64.55,13.6,66.0,446.17
1653,2024-04-20,,Electronics,8,239.99,5.3,30.0,1818.16
1339,2024-04-20,North,Sports,4,64.98,8.8,38.0,237.05
1224,2024-04-20,South,Sports,6,60.67,,54.0,342.18
1664,2024-04-20,South,Home & Garden,4,82.75,4.9,62.0,314.78
1735,2024-04-23,South,Toys,5,29.78,22.3,68.0,115.7
1142,2024-04-27,West,Clothing,7,52.39,7.4,64.0,339.59
1903,2024-04-29,West,Sports,7,52.25,5.8,20.0,344.54
1964,2024-04-29,North,Toys,6,28.02,4.3,53.0,160.89
1363,2024-05-02,West,Clothing,6,48.63,11.3,44.0,258.81
1976,2024-05-03,South,Electronics,7,238.19,27.8,52.0,1203.81
1567,2024-05-04,West,Toys,7,27.4,10.4,49.0,171.85
1078,2024-05-04,South,Electronics,8,199.47,18.9,55.0,1294.16
1032,2024-05-04,North,Electronics,7,260.32,6.1,34.0,1711.08
1412,2024-05-05,North,Home & Garden,8,86.15,5.1,26.0,654.05
1326,2024-05-05,West,Electronics,9,242.65,28.7,69.0,1557.09
1148,2024-05-07,,Sports,9,67.85,12.5,53.0,534.32
1486,2024-05-07,South,Toys,6,29.37,3.2,19.0,170.58
1626,2024-05-07,East,Toys,12,26.44,0.0,38.0,317.28
1637,2024-05-08,South,Electronics,7,257.59,14.5,45.0,1541.68
1719,2024-05-08,East,Home & Garden,6,86.92,4.1,67.0,500.14
1327,2024-05-09,South,Sports,8,59.69,26.8,51.0,349.54
1566,2024-05-09,South,Home & Garden,8,92.7,8.8,47.0,676.34
1510,2024-05-09,North,Sports,8,68.0,26.3,40.0,400.93
1854,2024-05-10,North,Electronics,10,211.14,1.4,40.0,2081.84
1189,2024-05-10,South,Home & Garden,10,69.95,7.0,42.0,650.54
1097,2024-05-11,West,Toys,10,29.34,18.8,53.0,238.24
1384,2024-05-11,South,Toys,4,35.05,13.2,34.0,121.69
1832,2024-05-11,West,Toys,10,31.16,26.6,59.0,228.71
1593,2024-05-11,East,Clothing,6,44.42,23.8,40.0,203.09
1857,2024-05-13,East,Clothing,3,53.87,25.3,31.0,120.72
1315,2024-05-13,North,Toys,5,32.22,19.8,39.0,129.2
1989,2024-05-14,West,Clothing,6,53.4,15.5,23.0,270.74
1831,2024-05-14,West,Clothing,6,41.55,9.2,31.0,226.36
1119,2024-05-14,East,Sports,7,71.46,15.7,,421.69
1925,2024-05-15,South,Clothing,5,38.61,24.9,58.0,144.98
1508,2024-05-15,East,Home & Garden,6,71.96,15.0,23.0,367.0
1568,2024-05-16,East,Sports,8,53.97,11.1,52.0,383.83
1617,2024-05-16,West,Sports,10,53.93,15.0,68.0,458.4
1483,2024-05-17,North,Clothing,9,51.06,23.6,46.0,351.09
1696,2024-05-18,South,Sports,8,63.79,2.2,40.0,499.09
1919,2024-05-19,West,Home & Garden,302,73.61,28.6,37.0,15872.38
1346,2024-05-20,South,Toys,7,26.58,11.2,43.0,165.22
1933,2024-05-20,North,Toys,10,32.31,,,259.13
1211,2024-05-22,East,Sports,7,61.05,0.7,25.0,424.36
1380,2024-05-23,East,Home & Garden,4,89.89,6.7,48.0,335.47
1209,2024-05-24,North,Clothing,7,48.28,9.7,54.0,305.18
1618,2024-05-25,North,Home & Garden,11,78.22,18.7,,699.52
1206,2024-05-25,West,Toys,8,30.84,23.7,52.0,188.25
1292,2024-05-26,South,Toys,8,27.55,7.9,48.0,202.99
1509,2024-05-26,South,Toys,5,35.6,6.1,44.0,167.14
1744,2024-05-27,West,Electronics,10,199.52,,27.0,1460.49
1890,2024-05-28,North,Home & Garden,11,72.81,21.4,69.0,629.52
1216,2024-05-28,South,Electronics,6,208.91,21.7,36.0,981.46
1779,2024-05-28,South,Clothing,7,43.8,,53.0,261.53
1505,2024-05-29,North,Home & Garden,7,77.82,15.3,18.0,461.39
1281,2024-05-30,West,Sports,3,59.82,3.8,32.0,172.64
1111,2024-05-31,South,Sports,7,55.84,10.6,27.0,349.45
1143,2024-05-31,West,Toys,9,30.28,24.3,35.0,206.3
1039,2024-05-31,West,Home & Garden,6,91.62,4.7,68.0,523.88
1950,2024-06-01,East,Clothing,6,47.28,21.8,23.0,221.84
1413,2024-06-01,West,Clothing,8,49.77,14.1,68.0,342.02
1152,2024-06-02,South,Home & Garden,4,68.63,4.3,37.0,262.72
1399,2024-06-02,South,Electronics,13,243.81,13.5,,2741.64
1314,2024-06-02,North,Toys,5,33.74,18.7,40.0,137.15
1573,2024-06-03,East,Sports,12,60.75,5.0,63.0,692.55
1299,2024-06-04,North,Home & Garden,8,89.02,11.1,52.0,633.11
1814,2024-06-04,West,Home & Garden,11,90.06,10.8,20.0,883.67
1534,2024-06-04,North,Electronics,4,187.19,13.4,45.0,648.43
1450,2024-06-05,North,Electronics,8,188.74,6.1,30.0,1417.81
1855,2024-06-06,East,Electronics,6,258.29,29.5,,1092.57
1096,2024-06-06,West,Electronics,6,234.55,27.5,58.0,1020.29
1481,2024-06-06,East,Electronics,12,205.4,21.3,68.0,1939.8
1660,2024-06-06,North,Clothing,6,38.64,19.7,52.0,186.17
1841,2024-06-07,South,Home & Garden,9,88.0,12.7,50.0,691.42
1495,2024-06-07,South,Home & Garden,7,88.93,26.7,64.0,456.3
1342,2024-06-08,South,Electronics,1,248.44,7.5,42.0,229.81
1154,2024-06-09,East,Toys,5,32.03,3.6,20.0,154.38
1271,2024-06-10,South,Clothing,5,45.96,11.5,41.0,203.37
1796,2024-06-10,West,Clothing,6,53.65,24.1,27.0,244.32
1419,2024-06-11,South,Toys,8,31.79,19.2,20.0,205.49
1638,2024-06-11,East,Sports,6,61.04,24.4,61.0,276.88
1353,2024-06-12,East,Home & Garden,9,90.35,19.7,40.0,652.96
1971,2024-06-12,East,Toys,8,32.53,13.2,31.0,225.89
1928,2024-06-13,South,Electronics,7,213.72,16.8,38.0,1244.71
1263,2024-06-13,North,Home & Garden,3,75.18,25.9,28.0,167.13
1442,2024-06-13,North,Home & Garden,3,70.53,,35.0,211.59
1190,2024-06-13,East,Electronics,6,195.86,1.6,68.0,1156.36
1802,2024-06-14,South,Home & Garden,9,95.92,22.1,52.0,672.5
1307,2024-06-14,South,Clothing,7,46.61,11.3,20.0,289.4
1136,2024-06-15,East,Electronics,14,210.46,20.3,68.0,2348.31
1952,2024-06-15,East,Sports,12,71.97,17.0,26.0,716.82
1226,2024-06-16,East,Toys,13,28.88,25.5,59.0,279.7
1239,2024-06-17,South,Clothing,8,52.8,25.0,53.0,316.8
1400,2024-06-18,East,Clothing,5,52.11,11.6,44.0,230.33
1333,2024-06-18,South,Home & Garden,5,72.65,15.7,27.0,306.22
1526,2024-06-18,South,Electronics,7,209.72,0.1,64.0,1466.57
1088,2024-06-19,East,Toys,3,30.76,7.5,42.0,85.36
1447,2024-06-20,West,Toys,14,34.68,24.6,35.0,366.08
1749,2024-06-20,South,Toys,7,27.18,5.7,38.0,179.42
1748,2024-06-20,West,Clothing,6,38.64,26.6,67.0,170.17
1309,2024-06-21,South,Home & Garden,5,81.45,5.3,57.0,385.67
1368,2024-06-21,North,Home & Garden,9,77.26,1.1,68.0,687.69
1988,2024-06-21,West,Clothing,7,42.14,3.9,60.0,283.48
1799,2024-06-21,East,Home & Garden,10,87.25,21.2,57.0,687.53
1554,2024-06-22,North,Sports,9,66.05,3.2,39.0,575.43
1338,2024-06-22,West,Clothing,7,42.5,22.1,40.0,231.75
1968,2024-06-22,North,Home & Garden,9,83.48,17.3,60.0,621.34
1525,2024-06-23,North,Sports,8,54.32,16.5,54.0,362.86
1403,2024-06-24,East,Clothing,11,53.32,14.9,54.0,499.13
1321,2024-06-24,North,Electronics,13,217.91,23.8,31.0,2158.62
1167,2024-06-24,South,Electronics,10,190.35,2.9,36.0,1848.3
1595,2024-06-24,South,Sports,10,68.14,,55.0,532.85
1607,2024-06-25,East,Electronics,7,257.66,22.5,35.0,1397.81
1066,2024-06-27,East,Clothing,9,41.51,,27.0,329.13
1646,2024-06-28,North,Clothing,6,41.66,15.7,62.0,210.72
1632,2024-06-28,East,Toys,8,32.18,0.4,67.0,256.41
1077,2024-06-29,South,Sports,5,67.33,19.1,46.0,272.35
1254,2024-06-29,East,Sports,4,67.3,,29.0,236.63
1294,2024-06-30,East,Electronics,3,227.91,25.4,45.0,510.06
1738,2024-07-01,North,Electronics,7,239.26,11.3,69.0,1485.57
1169,2024-07-01,West,Toys,10,30.29,19.1,46.0,245.05
1487,2024-07-01,North,Electronics,6,225.56,19.0,24.0,1096.22
1371,2024-07-02,North,Toys,5,31.72,18.2,49.0,129.73
1199,2024-07-04,East,Toys,4,32.64,22.3,34.0,101.45
1627,2024-07-04,West,Home & Garden,8,84.27,0.7,19.0,669.44
1197,2024-07-06,South,Sports,1,63.62,22.0,56.0,49.62
1991,2024-07-06,South,Home & Garden,8,83.71,29.0,31.0,475.47
1268,2024-07-08,East,Clothing,3,38.43,22.1,60.0,89.81
1139,2024-07-09,East,Sports,7,56.19,18.8,61.0,319.38
1979,2024-07-10,South,Electronics,10,222.72,17.5,66.0,1837.44
1044,2024-07-12,East,Clothing,8,46.48,16.7,,309.74
1521,2024-07-14,South,Toys,5,32.8,1.1,47.0,162.2
1194,2024-07-16,North,Sports,5,54.74,17.9,57.0,224.71
1765,2024-07-16,North,Home & Garden,9,86.45,6.6,36.0,726.7
1998,2024-07-16,South,Toys,12,31.47,12.7,37.0,329.68
1301,2024-07-17,South,Sports,6,70.43,24.1,47.0,320.74
1746,2024-07-18,South,Toys,5,27.3,15.1,34.0,115.89
1053,2024-07-18,South,Home & Garden,5,80.58,22.6,54.0,311.84
1393,2024-07-19,East,Toys,6,33.82,0.2,55.0,202.51
1063,2024-07-19,North,Electronics,9,191.88,15.3,62.0,1462.7
1201,2024-07-19,South,Toys,9,26.02,21.0,35.0,185.0
1630,2024-07-19,North,Electronics,7,251.39,25.2,38.0,1316.28
1628,2024-07-20,North,Home & Garden,7,93.75,20.7,56.0,520.41
1022,2024-07-21,East,Electronics,6,220.41,16.3,70.0,1106.9
1332,2024-07-21,West,Sports,8,56.67,22.5,21.0,351.35
1068,2024-07-21,West,Sports,6,59.49,,38.0,262.35
1909,2024-07-22,North,Electronics,10,234.19,0.2,24.0,2337.22
1576,2024-07-23,South,Clothing,8,52.01,21.6,44.0,326.21
1498,2024-07-23,West,Sports,8,51.15,17.8,,336.36
1374,2024-07-23,South,Home & Garden,8,71.8,1.7,28.0,564.64
1913,2024-07-24,South,Electronics,7,229.22,27.9,30.0,1156.87
1770,2024-07-24,West,Electronics,6,224.47,0.0,67.0,1346.82
1379,2024-07-26,West,Home & Garden,7,73.95,21.9,45.0,404.28
1634,2024-07-26,East,Toys,5,25.85,22.1,,100.69
1188,2024-07-27,South,Home & Garden,9,86.0,19.0,49.0,626.94
1758,2024-07-28,East,Sports,11,59.42,6.4,21.0,611.79
1614,2024-07-29,East,Sports,10,58.57,15.7,19.0,493.75
1094,2024-07-30,North,Clothing,4,46.92,9.2,48.0,170.41
1809,2024-08-01,West,Electronics,9,257.02,8.3,67.0,2121.19
1552,2024-08-03,South,Toys,14,25.83,21.3,58.0,284.59
1440,2024-08-05,North,Toys,3,26.21,1.7,51.0,77.29
1957,2024-08-07,North,Home & Garden,5,79.73,18.4,37.0,325.3
1027,2024-08-08,East,Electronics,11,194.0,7.5,,1973.95
1942,2024-08-09,West,Clothing,8,49.31,23.8,68.0,300.59
1585,2024-08-09,South,Sports,7,51.68,9.6,51.0,327.03
1164,2024-08-10,West,Home & Garden,15,81.61,23.2,48.0,940.15
1687,2024-08-10,North,Home & Garden,4,78.21,8.9,48.0,285.0
1962,2024-08-11,South,Toys,12,34.81,19.1,21.0,337.94
1163,2024-08-11,South,Toys,8,30.1,15.8,36.0,202.75
1144,2024-08-11,East,Toys,7,32.79,2.3,36.0,224.25
1373,2024-08-12,North,Home & Garden,3,84.81,8.6,61.0,232.55
1065,2024-08-12,East,Sports,9,65.88,27.1,39.0,432.24
1907,2024-08-13,East,Clothing,8,38.99,25.4,28.0,232.69
1496,2024-08-13,North,Home & Garden,9,79.49,6.1,33.0,671.77
1960,2024-08-13,South,Electronics,7,223.83,22.9,31.0,1208.01
1572,2024-08-15,West,Clothing,7,51.42,9.3,62.0,326.47
1248,2024-08-15,North,Home & Garden,7,95.59,27.8,47.0,483.11
1275,2024-08-16,North,Sports,7,53.37,6.6,30.0,348.93
1972,2024-08-16,North,Toys,7,31.43,1.6,55.0,216.49
1165,2024-08-16,West,Home & Garden,334,85.85,4.1,66.0,27498.27
1732,2024-08-16,East,Toys,6,30.35,,67.0,155.51
1929,2024-08-16,North,Electronics,5,242.97,22.3,58.0,943.94
1425,2024-08-16,South,Clothing,6,53.63,1.1,22.0,318.24
1624,2024-08-16,,Electronics,12,263.4,28.9,37.0,2247.33
1464,2024-08-17,East,Electronics,11,246.82,1.2,54.0,2682.44
1777,2024-08-19,East,Clothing,7,53.41,23.1,20.0,287.51
1500,2024-08-20,West,Toys,6,30.12,2.9,68.0,175.48
1547,2024-08-22,West,Sports,5,59.19,2.8,39.0,287.66
1954,2024-08-22,South,Home & Garden,8,77.4,15.7,34.0,521.99
1994,2024-08-23,West,Sports,7,62.08,0.5,52.0,432.39
1795,2024-08-23,North,Home & Garden,8,72.54,21.0,27.0,458.45
1473,2024-08-24,South,Home & Garden,9,76.48,23.9,36.0,523.81
1005,2024-08-24,,Electronics,5,232.61,25.0,50.0,872.29
1238,2024-08-24,South,Electronics,8,263.39,7.9,58.0,1940.66
1435,2024-08-25,South,Clothing,6,41.51,15.0,64.0,211.7
1155,2024-08-25,East,Clothing,10,40.72,2.2,66.0,398.24
1407,2024-08-25,South,Clothing,6,47.0,6.7,34.0,263.11
1354,2024-08-25,South,Toys,6,34.6,20.8,58.0,164.42
1633,2024-08-25,West,Electronics,6,263.61,11.6,66.0,1398.19
1621,2024-08-25,West,Clothing,3,39.28,,43.0,101.22
1091,2024-08-26,West,Home & Garden,12,83.74,28.0,59.0,723.51
1140,2024-08-26,South,Home & Garden,11,79.63,19.6,65.0,704.25
1756,2024-08-27,West,Clothing,9,44.98,26.2,49.0,298.76
1082,2024-08-27,North,Toys,6,31.48,17.1,63.0,156.58
1298,2024-08-28,South,Sports,11,66.29,14.5,39.0,623.46
1004,2024-08-28,South,Toys,5,35.62,20.7,,141.23
1121,2024-08-28,West,Electronics,3,225.83,8.3,64.0,621.26
1800,2024-08-29,South,Home & Garden,2,69.37,22.2,32.0,107.94
1285,2024-08-29,East,Clothing,4,43.77,18.4,56.0,142.87
1935,2024-08-30,West,Electronics,5,192.38,21.3,57.0,757.02
1030,2024-08-30,South,Clothing,5,41.37,16.0,40.0,173.75
1689,2024-08-31,East,Toys,5,30.48,25.8,26.0,113.08
1047,2024-08-31,South,Clothing,8,50.88,2.9,30.0,395.24
1186,2024-09-01,,Clothing,4,40.68,28.3,52.0,116.67
1219,2024-09-01,South,Toys,7,28.85,,31.0,195.89
1869,2024-09-01,West,Electronics,4,193.35,10.4,25.0,692.97
1267,2024-09-01,East,Electronics,8,212.15,,66.0,1602.16
1923,2024-09-01,North,Toys,9,34.25,16.9,21.0,256.16
1883,2024-09-02,East,Electronics,8,258.46,3.7,29.0,1991.18
1214,2024-09-02,North,Toys,9,31.14,18.3,21.0,228.97
1031,2024-09-03,East,Home & Garden,7,70.21,,20.0,471.32
1020,2024-09-03,South,Electronics,221,253.51,21.3,33.0,44092.23
1833,2024-09-04,South,Home & Garden,5,93.2,12.3,40.0,408.68
1792,2024-09-05,North,Toys,6,35.8,20.8,68.0,170.12
1506,2024-09-05,North,Clothing,6,47.87,2.3,57.0,280.61
1871,2024-09-06,South,Electronics,10,217.21,20.0,46.0,1737.68
1537,2024-09-06,South,Electronics,4,215.89,13.5,55.0,746.98
1222,2024-09-06,North,Home & Garden,8,87.17,12.9,36.0,607.4
1205,2024-09-07,South,Sports,7,69.16,19.8,65.0,388.26
1916,2024-09-07,South,Home & Garden,7,69.51,23.2,58.0,373.69
1798,2024-09-07,East,Electronics,5,212.69,19.9,40.0,851.82
1335,2024-09-08,East,Home & Garden,9,73.4,7.3,42.0,612.38
1114,2024-09-08,West,Clothing,3,40.02,21.2,20.0,94.61
1647,2024-09-08,East,Clothing,7,43.32,27.2,59.0,220.76
1905,2024-09-08,East,Clothing,7,47.72,26.7,,244.85
1939,2024-09-09,West,Toys,7,30.88,20.4,28.0,172.06
1176,2024-09-09,West,Clothing,7,46.7,15.9,26.0,274.92
1485,2024-09-10,South,Home & Garden,5,74.57,25.8,64.0,276.65
1073,2024-09-10,South,Sports,3,70.2,3.2,55.0,203.86
1612,2024-09-10,West,Electronics,8,256.35,26.9,45.0,1499.13
1231,2024-09-10,East,Toys,5,27.68,24.6,45.0,104.35
1710,2024-09-11,West,Clothing,15,38.66,16.7,43.0,483.06
1054,2024-09-12,West,Toys,3,28.44,9.6,65.0,77.13
1277,2024-09-12,North,Sports,4,62.54,3.5,55.0,241.4
1474,2024-09-12,North,Clothing,10,43.28,20.8,55.0,342.78
1070,2024-09-13,South,Electronics,4,233.59,2.5,51.0,911.0
1367,2024-09-13,South,Clothing,9,51.72,3.6,,448.72
1109,2024-09-14,South,Toys,7,35.29,14.8,65.0,210.47
1124,2024-09-14,East,Clothing,9,49.96,15.8,24.0,378.6
1290,2024-09-15,South,Sports,1,51.08,0.1,67.0,51.03
1974,2024-09-16,West,Clothing,10,50.6,27.0,49.0,369.38
1944,2024-09-16,North,Electronics,7,245.91,14.9,33.0,1464.89
1709,2024-09-17,East,Clothing,8,47.5,25.3,,283.86
1519,2024-09-17,North,Home & Garden,8,89.42,17.2,68.0,592.32
1076,2024-09-17,South,Electronics,9,188.41,20.7,18.0,1344.68
1622,2024-09-18,South,Electronics,12,207.39,19.1,42.0,2013.34
1973,2024-09-18,East,Sports,8,69.13,11.9,39.0,487.23
1785,2024-09-18,West,Sports,4,66.65,10.8,18.0,237.81
1768,2024-09-19,West,Home & Garden,6,82.56,9.1,30.0,450.28
1276,2024-09-20,South,Sports,9,56.8,1.9,60.0,501.49
1644,2024-09-20,South,Home & Garden,3,86.92,6.6,44.0,243.55
1282,2024-09-23,South,Sports,4,53.7,22.7,40.0,166.04
1444,2024-09-24,North,Home & Garden,9,79.3,5.0,44.0,678.01
1729,2024-09-24,East,Home & Garden,5,95.23,10.2,62.0,427.58
1651,2024-09-24,West,Electronics,7,196.74,22.4,20.0,1068.69
1284,2024-09-25,West,Toys,6,25.87,23.7,27.0,118.43
1563,2024-09-26,East,Clothing,12,53.63,24.4,48.0,486.53
1235,2024-09-26,East,Sports,7,59.94,11.9,61.0,369.65
1718,2024-09-26,East,Clothing,7,41.84,9.6,31.0,264.76
1252,2024-09-27,East,Home & Garden,10,89.77,17.7,67.0,738.81
1203,2024-09-27,North,Toys,7,35.01,10.8,56.0,218.6
1185,2024-09-28,East,Home & Garden,5,72.55,11.0,36.0,322.85
1183,2024-09-29,East,Sports,11,66.65,15.8,55.0,617.31
1055,2024-09-29,East,Electronics,6,249.42,21.6,,1173.27
1453,2024-09-30,North,Electronics,5,240.16,25.9,,889.79
1405,2024-09-30,South,Electronics,9,260.18,15.5,56.0,1978.67
1021,2024-09-30,South,Electronics,7,188.7,8.5,45.0,1208.62
1406,2024-09-30,West,Electronics,10,191.94,23.8,21.0,1462.58
1180,2024-10-01,South,Electronics,9,237.99,5.5,66.0,2024.1
1876,2024-10-02,East,Electronics,8,247.68,7.3,33.0,1836.79
1667,2024-10-02,North,Sports,2,62.37,3.1,53.0,120.87
1556,2024-10-02,North,Electronics,7,228.0,8.4,25.0,1461.94
1629,2024-10-03,East,Clothing,8,50.64,12.4,53.0,354.89
1420,2024-10-03,South,Home & Garden,4,89.81,6.3,51.0,336.61
1115,2024-10-03,East,Electronics,10,206.79,2.7,39.0,2012.07
1159,2024-10-03,West,Clothing,8,38.28,24.7,62.0,230.6
1940,2024-10-05,North,Clothing,8,50.27,2.3,54.0,392.91
1445,2024-10-05,East,Electronics,8,236.92,27.7,45.0,1370.35
1897,2024-10-05,East,Home & Garden,10,75.91,15.8,44.0,639.16
1017,2024-10-07,South,Clothing,6,43.1,28.4,27.0,185.16
2000,2024-10-07,East,Clothing,10,47.77,18.5,33.0,389.33
1608,2024-10-08,South,Home & Garden,6,79.15,21.8,59.0,371.37
1344,2024-10-08,East,Home & Garden,7,83.82,20.8,30.0,464.7
1803,2024-10-09,West,Home & Garden,4,89.7,2.2,50.0,350.91
1549,2024-10-09,,Home & Garden,5,69.58,10.1,24.0,312.76
1717,2024-10-10,South,Sports,5,70.82,24.8,70.0,266.28
1366,2024-10-10,North,Electronics,8,255.17,7.1,67.0,1896.42
1296,2024-10-11,West,Home & Garden,7,90.47,21.9,40.0,494.6
1701,2024-10-11,West,Clothing,2,53.35,9.1,22.0,96.99
1449,2024-10-11,West,Sports,9,67.25,,18.0,559.86
1712,2024-10-12,North,Home & Garden,6,81.89,22.1,42.0,382.75
1893,2024-10-12,South,Toys,7,29.04,15.3,65.0,172.18
1578,2024-10-13,South,Sports,159,61.27,6.1,27.0,9147.67
1679,2024-10-13,East,Toys,6,33.02,24.2,20.0,150.17
1011,2024-10-14,South,Clothing,12,50.6,16.7,33.0,505.8
1997,2024-10-14,South,Home & Garden,10,68.96,5.6,42.0,650.98
1995,2024-10-16,West,Sports,9,71.49,21.8,25.0,503.15
1507,2024-10-17,South,Toys,4,28.45,20.4,50.0,90.58
1488,2024-10-17,North,Electronics,5,234.79,26.7,27.0,860.51
1747,2024-10-18,North,Toys,4,32.61,9.5,32.0,118.05
1656,2024-10-18,East,Clothing,4,45.6,15.5,54.0,154.13
1351,2024-10-18,East,Electronics,224,200.83,3.2,,43546.37
1648,2024-10-19,West,Sports,5,64.94,9.3,40.0,294.5
1606,2024-10-20,West,Toys,7,29.03,17.3,50.0,168.05
1561,2024-10-20,East,Clothing,5,50.04,28.8,18.0,178.14
1931,2024-10-21,North,Electronics,7,210.92,20.4,56.0,1175.25
1539,2024-10-22,East,Sports,6,62.71,29.3,22.0,266.02
1877,2024-10-22,East,Clothing,2,44.05,,,72.95
1305,2024-10-23,West,Sports,10,58.63,28.2,38.0,420.96
1289,2024-10-23,West,Electronics,10,242.11,24.0,32.0,1840.04
1927,2024-10-23,East,Clothing,4,46.24,14.8,25.0,157.59
1917,2024-10-24,East,Clothing,6,38.32,29.3,55.0,162.55
1789,2024-10-24,North,Home & Garden,3,71.06,17.0,55.0,176.94
1057,2024-10-25,East,Home & Garden,9,72.88,10.7,33.0,585.74
1295,2024-10-25,East,Toys,8,25.92,0.2,51.0,206.95
1807,2024-10-25,South,Electronics,4,248.04,22.9,67.0,764.96
1029,2024-10-25,East,Home & Garden,5,95.27,20.0,68.0,381.08
1983,2024-10-26,West,Electronics,7,196.75,,61.0,1099.05
1331,2024-10-26,North,Home & Garden,4,74.66,13.2,50.0,259.22
1879,2024-10-26,West,Sports,6,62.97,16.5,39.0,315.48
1229,2024-10-26,South,Electronics,8,196.21,20.2,39.0,1252.6
1992,2024-10-27,East,Home & Garden,8,79.25,14.1,45.0,544.61
1655,2024-10-29,West,Electronics,11,212.84,21.4,70.0,1840.21
1762,2024-10-29,South,Home & Garden,7,88.89,17.4,48.0,513.96
1132,2024-10-29,West,Sports,11,65.23,10.9,31.0,639.32
1755,2024-10-30,West,Sports,9,51.76,19.8,22.0,373.6
1330,2024-10-30,North,Clothing,7,40.41,18.1,48.0,231.67
1456,2024-10-30,South,Electronics,6,242.59,7.1,61.0,1352.2
1308,2024-10-30,North,Clothing,6,44.21,29.8,31.0,186.21
1034,2024-10-30,East,Clothing,8,48.58,17.6,38.0,320.24
1113,2024-10-30,West,Electronics,7,260.07,7.1,31.0,1691.24
1158,2024-10-31,East,Toys,5,31.11,6.7,50.0,145.13
1134,2024-11-01,South,Sports,4,57.3,15.6,41.0,193.44
1079,2024-11-04,South,Home & Garden,7,84.76,6.2,57.0,556.53
1706,2024-11-05,South,Toys,9,26.48,,43.0,175.4
1126,2024-11-05,South,Toys,7,31.89,27.6,21.0,161.62
1980,2024-11-05,,Sports,10,65.9,,67.0,617.48
1131,2024-11-05,East,Home & Garden,6,72.08,0.6,69.0,429.89
1437,2024-11-06,East,Home & Garden,5,78.85,15.0,49.0,335.11
1116,2024-11-07,North,Home & Garden,6,73.11,29.6,60.0,308.82
1288,2024-11-08,West,Clothing,7,50.64,25.8,35.0,263.02
1570,2024-11-08,West,Toys,6,30.0,10.7,53.0,160.74
1922,2024-11-09,West,Home & Garden,4,79.19,16.3,30.0,265.13
1978,2024-11-09,West,Clothing,4,46.52,15.2,52.0,157.8
1708,2024-11-09,South,Toys,7,29.91,14.5,57.0,179.01
1129,2024-11-10,North,Home & Garden,4,87.89,3.1,30.0,340.66
1535,2024-11-11,West,Toys,2,31.99,10.1,19.0,57.52
1930,2024-11-12,East,Toys,7,32.7,14.1,21.0,196.63
1597,2024-11-12,,Sports,5,71.85,8.5,65.0,328.71
1228,2024-11-12,West,Toys,9,35.79,4.9,45.0,306.33
1266,2024-11-13,North,Electronics,8,225.96,13.4,21.0,1565.45
1424,2024-11-13,West,Sports,6,67.74,11.4,69.0,360.11
1677,2024-11-13,West,Electronics,3,227.06,23.1,66.0,523.83
1242,2024-11-15,East,Sports,5,60.59,29.0,62.0,215.09
1260,2024-11-17,West,Toys,7,28.09,4.2,58.0,188.37
1966,2024-11-17,East,Sports,9,64.22,20.5,19.0,459.49
1985,2024-11-17,East,Sports,7,64.57,8.0,49.0,415.83
1786,2024-11-17,North,Clothing,4,53.14,0.3,56.0,211.92
1698,2024-11-18,South,Electronics,4,254.16,2.7,49.0,989.19
1981,2024-11-18,East,Sports,10,63.82,,24.0,599.91
1915,2024-11-19,South,Clothing,8,43.16,21.5,64.0,271.04
1548,2024-11-19,East,Toys,7,34.19,29.5,64.0,168.73
1270,2024-11-19,West,Electronics,7,248.03,16.5,62.0,1449.74
1688,2024-11-20,East,Home & Garden,9,81.93,9.8,,665.11
1520,2024-11-21,West,Home & Garden,7,90.01,9.3,54.0,571.47
1455,2024-11-22,West,Home & Garden,1,81.74,10.6,,73.08
1665,2024-11-22,North,Home & Garden,8,79.89,14.9,56.0,543.89
1468,2024-11-22,East,Clothing,5,50.09,0.3,42.0,249.7
1720,2024-11-23,North,Home & Garden,9,69.4,15.6,70.0,527.16
1531,2024-11-23,West,Electronics,2,215.66,14.3,56.0,369.64
1394,2024-11-23,North,Sports,7,67.29,12.0,,414.51
1494,2024-11-25,East,Clothing,11,51.91,,60.0,552.74
1967,2024-11-25,North,Clothing,7,51.56,28.0,59.0,259.86
1137,2024-11-25,East,Sports,5,56.12,4.2,52.0,268.81
1625,2024-11-26,West,Home & Garden,7,79.0,21.2,64.0,435.76
1850,2024-11-27,South,Electronics,5,233.27,5.6,44.0,1101.03
1490,2024-11-27,South,Home & Garden,8,80.08,9.8,23.0,577.86
1193,2024-11-28,South,Electronics,6,239.82,2.1,,1408.7
1956,2024-11-30,West,Home & Garden,7,81.01,20.5,39.0,450.82
1896,2024-11-30,East,Toys,6,33.27,,61.0,151.31
1767,2024-12-01,South,Home & Garden,2,76.19,3.6,47.0,146.89
1269,2024-12-01,North,Toys,8,25.87,1.7,25.0,203.44
1953,2024-12-02,West,Electronics,5,200.45,7.7,46.0,925.08
1323,2024-12-02,South,Home & Garden,6,91.98,26.8,25.0,403.98
1672,2024-12-02,West,Home & Garden,5,80.93,1.1,,400.2
1900,2024-12-03,North,Clothing,6,45.65,6.5,,256.1
1601,2024-12-03,West,Clothing,5,46.5,3.9,53.0,223.43
1702,2024-12-03,West,Electronics,7,206.8,0.3,35.0,1443.26
1987,2024-12-03,East,Toys,8,29.24,0.7,59.0,232.28
1825,2024-12-06,East,Sports,10,68.4,27.9,23.0,493.16
1343,2024-12-06,East,Electronics,7,262.81,19.6,63.0,1479.09
1675,2024-12-06,West,Sports,3,71.37,7.0,38.0,199.12
1996,2024-12-08,East,Electronics,6,191.24,5.1,56.0,1088.92
1245,2024-12-09,East,Toys,8,34.84,26.1,21.0,205.97
1240,2024-12-09,West,Electronics,3,192.84,2.3,30.0,565.21
1599,2024-12-09,West,Toys,5,30.6,29.9,41.0,107.25
1192,2024-12-10,South,Clothing,11,47.25,0.3,66.0,518.19
1085,2024-12-10,North,Clothing,10,51.8,2.2,68.0,506.6
1880,2024-12-10,West,Electronics,6,188.03,26.1,46.0,833.73
1040,2024-12-11,South,Toys,9,32.36,29.3,46.0,205.91
1658,2024-12-12,South,Toys,4,26.73,4.0,27.0,102.64
1458,2024-12-12,West,Home & Garden,7,85.76,19.4,25.0,483.86
1475,2024-12-12,North,Toys,4,27.34,27.6,47.0,79.18
1130,2024-12-13,South,Sports,6,67.63,4.4,51.0,387.93
1958,2024-12-13,South,Home & Garden,7,81.75,0.7,43.0,568.24
1743,2024-12-13,East,Home & Garden,3,71.49,24.8,59.0,161.28
1341,2024-12-13,South,Home & Garden,5,79.8,15.9,21.0,335.56
1920,2024-12-14,South,Home & Garden,7,85.65,11.7,65.0,529.4
1782,2024-12-14,West,Clothing,5,48.11,15.3,,203.75
1099,2024-12-14,West,Electronics,6,218.99,15.3,32.0,1112.91
1673,2024-12-14,West,Clothing,9,44.35,29.1,69.0,283.0
1616,2024-12-15,East,Electronics,5,195.54,0.4,55.0,973.79
1569,2024-12-17,South,Toys,7,29.34,4.2,41.0,196.75
1600,2024-12-17,South,Sports,9,66.18,6.4,70.0,557.5
1026,2024-12-18,South,Electronics,10,259.53,28.3,66.0,1860.83
1984,2024-12-20,West,Sports,5,65.74,19.4,40.0,264.93
1824,2024-12-21,West,Toys,14,32.05,1.1,36.0,443.76
1244,2024-12-21,North,Home & Garden,5,84.71,27.7,49.0,306.23
1934,2024-12-21,South,Toys,7,31.86,20.2,30.0,177.97
1771,2024-12-22,East,Clothing,11,40.55,27.6,53.0,322.94
1502,2024-12-22,North,Clothing,4,50.04,19.9,,160.33
1986,2024-12-22,East,Sports,7,58.19,15.2,50.0,345.42
1652,2024-12-22,West,Electronics,8,250.03,16.7,,1666.2
1123,2024-12-23,East,Clothing,2,46.93,21.0,25.0,74.15
1003,2024-12-24,South,Home & Garden,8,74.55,13.2,42.0,517.68
1842,2024-12-24,East,Electronics,6,223.17,14.2,66.0,1148.88
1730,2024-12-25,South,Electronics,4,223.19,10.5,27.0,799.02
1316,2024-12-26,North,Clothing,6,38.38,15.3,44.0,195.05
1372,2024-12-27,West,Clothing,9,45.77,0.5,28.0,409.87
1255,2024-12-27,South,Sports,6,65.57,12.2,29.0,345.42
1479,2024-12-28,North,Clothing,6,43.68,15.0,40.0,222.77
1156,2024-12-28,South,Home & Garden,4,84.35,21.4,27.0,265.2
1237,2024-12-28,North,Electronics,4,208.45,22.8,67.0,643.69
1446,2024-12-28,West,Electronics,4,229.31,1.3,61.0,905.32
1108,2024-12-29,North,Toys,12,27.57,28.9,28.0,235.23
1162,2024-12-29,North,Home & Garden,6,71.92,9.8,58.0,389.23
1819,2024-12-30,North,Electronics,11,206.48,10.1,50.0,2041.88
1311,2024-12-30,South,Home & Garden,5,75.67,17.7,29.0,311.38
1822,2024-12-30,West,Sports,6,60.89,1.4,22.0,360.23
1122,2024-12-31,West,Electronics,7,244.44,20.2,51.0,1365.44
1080,2025-01-01,North,Toys,9,32.65,17.4,31.0,242.72
1859,2025-01-01,East,Home & Garden,10,72.97,28.7,45.0,520.28
1641,2025-01-01,North,Sports,5,63.67,27.7,70.0,230.17
1283,2025-01-02,South,Clothing,10,38.86,27.7,62.0,280.96
1736,2025-01-02,North,Sports,5,57.83,4.4,45.0,276.43
1312,2025-01-02,,Clothing,8,46.72,0.7,59.0,371.14
1257,2025-01-05,West,Clothing,4,47.83,0.8,22.0,189.79
1049,2025-01-05,West,Sports,12,51.54,2.5,66.0,603.02
1416,2025-01-05,South,Sports,8,54.76,17.8,70.0,360.1
1711,2025-01-06,North,Clothing,8,49.2,6.3,63.0,368.8
1827,2025-01-07,South,Electronics,8,213.4,29.5,64.0,1203.58
1550,2025-01-07,North,Electronics,10,209.96,19.3,62.0,1694.38
1060,2025-01-08,South,Clothing,9,50.43,22.5,37.0,351.75
1191,2025-01-08,,Home & Garden,4,85.75,13.1,33.0,298.07
1098,2025-01-08,West,Sports,6,71.32,1.0,62.0,423.64
1813,2025-01-09,,Sports,8,65.35,5.3,42.0,495.09
1788,2025-01-10,North,Electronics,3,197.39,,32.0,591.58
1075,2025-01-10,East,Home & Garden,7,68.17,6.4,25.0,446.65
1615,2025-01-10,North,Electronics,5,190.42,16.1,34.0,798.81
1636,2025-01-10,North,Home & Garden,4,92.0,26.5,19.0,270.48
1587,2025-01-12,South,Toys,5,32.68,15.3,18.0,138.4
1941,2025-01-12,East,Electronics,4,207.22,6.6,59.0,774.17
1422,2025-01-14,West,Toys,6,34.0,25.0,21.0,153.0
1184,2025-01-15,East,Home & Garden,7,75.29,29.4,21.0,372.08
1666,2025-01-15,East,Clothing,5,48.68,20.0,43.0,194.72
1008,2025-01-16,North,Home & Garden,9,92.7,17.6,40.0,687.46
1175,2025-01-16,North,Electronics,6,218.61,16.2,29.0,1099.17
1875,2025-01-16,South,Home & Garden,11,70.66,29.6,62.0,547.19
1866,2025-01-16,North,Home & Garden,5,79.35,9.2,54.0,360.25
1932,2025-01-17,East,Home & Garden,10,95.53,14.6,33.0,815.83
1204,2025-01-17,South,Sports,4,59.63,28.5,68.0,170.54
1982,2025-01-18,North,Sports,5,61.29,23.5,69.0,234.43
1043,2025-01-18,East,Home & Garden,8,82.09,,54.0,534.57
1086,2025-01-18,,Toys,6,28.52,17.7,28.0,140.83
1223,2025-01-20,North,Toys,7,28.1,15.0,26.0,167.2
1110,2025-01-20,South,Electronics,10,243.92,27.5,,1768.42
1541,2025-01-22,South,Home & Garden,4,72.69,0.3,50.0,289.89
1906,2025-01-23,West,Clothing,7,48.08,11.6,44.0,297.52
1892,2025-01-23,East,Clothing,4,52.22,,42.0,187.16
1430,2025-01-26,South,Sports,8,62.49,3.2,34.0,483.92
1774,2025-01-27,East,Clothing,7,42.87,18.9,49.0,243.37
1212,2025-01-27,West,Sports,10,56.47,17.1,54.0,468.14
1015,2025-01-27,East,Home & Garden,8,72.82,5.3,51.0,551.68
1177,2025-01-27,North,Clothing,6,39.05,5.9,23.0,220.48
1236,2025-01-28,West,Clothing,5,42.54,10.8,26.0,189.73
1395,2025-01-28,South,Clothing,10,52.37,26.5,49.0,384.92
1727,2025-01-29,North,Toys,5,29.18,,21.0,106.65
1225,2025-01-29,South,Home & Garden,11,86.06,13.7,29.0,816.97
1697,2025-01-29,North,Home & Garden,8,94.88,6.7,64.0,708.18
1681,2025-01-30,North,Toys,11,33.16,8.5,24.0,333.76
1461,2025-01-30,South,Sports,5,54.21,26.0,63.0,200.58
1793,2025-01-30,East,Clothing,10,53.89,0.0,70.0,538.9
1174,2025-01-30,West,Electronics,3,219.87,21.8,59.0,515.82
1676,2025-01-31,East,Toys,5,28.8,29.2,29.0,101.95
1318,2025-02-01,South,Home & Garden,4,72.76,17.3,42.0,240.69
1713,2025-02-02,West,Toys,8,32.07,20.4,59.0,204.22
1731,2025-02-02,West,Sports,10,70.2,10.2,18.0,630.4
1317,2025-02-03,North,Sports,5,64.86,11.5,58.0,287.01
1760,2025-02-03,South,Home & Garden,6,89.1,1.3,47.0,527.65
1737,2025-02-03,East,Home & Garden,6,92.24,16.8,67.0,460.46
1662,2025-02-05,West,Sports,7,56.59,20.9,42.0,313.34
1886,2025-02-05,North,Electronics,4,204.47,0.8,20.0,811.34
1557,2025-02-06,West,Toys,5,31.48,0.4,36.0,156.77
1377,2025-02-06,West,Toys,13,28.44,18.2,24.0,302.43
1013,2025-02-06,North,Clothing,8,50.83,22.6,61.0,314.74
1805,2025-02-07,North,Electronics,6,217.05,10.8,34.0,1161.65
1739,2025-02-07,South,Electronics,7,231.53,16.2,25.0,1358.15
1757,2025-02-07,West,Clothing,7,39.82,18.3,25.0,227.73
1215,2025-02-07,North,Electronics,7,188.11,8.9,61.0,1199.58
1631,2025-02-07,West,Home & Garden,6,93.99,5.2,51.0,534.62
1471,2025-02-07,West,Toys,5,26.76,24.8,50.0,100.62
1603,2025-02-08,West,Toys,4,34.18,4.9,19.0,130.02
1432,2025-02-08,East,Electronics,7,254.92,19.8,54.0,1431.12
1059,2025-02-10,South,Home & Garden,4,83.42,19.2,23.0,269.61
1878,2025-02-11,West,Toys,5,28.07,18.3,29.0,114.67
1062,2025-02-11,East,Sports,6,70.78,19.3,59.0,342.72
1391,2025-02-12,South,Clothing,6,43.18,5.2,66.0,245.61
1512,2025-02-12,West,Clothing,8,41.68,8.5,44.0,305.1
1378,2025-02-12,North,Sports,4,53.68,20.7,25.0,170.27
1895,2025-02-13,South,Electronics,6,194.35,12.5,51.0,1020.34
1360,2025-02-13,North,Clothing,4,49.69,15.5,40.0,167.95
1463,2025-02-13,South,Electronics,9,233.09,23.2,63.0,1611.12
1493,2025-02-16,West,Electronics,6,203.9,12.4,53.0,1071.7
1042,2025-02-18,West,Toys,9,29.59,6.0,19.0,250.33
1234,2025-02-18,North,Sports,6,62.84,27.9,43.0,271.85
1247,2025-02-18,East,Toys,8,29.17,29.0,25.0,165.69
1051,2025-02-19,North,Home & Garden,5,74.49,29.3,46.0,263.32
1014,2025-02-20,West,Clothing,8,53.02,15.5,51.0,358.42
1714,2025-02-21,East,Sports,9,57.63,10.9,50.0,462.13
1742,2025-02-21,North,Sports,16,63.86,27.2,47.0,743.84
1207,2025-02-22,North,Home & Garden,4,82.48,29.1,23.0,233.91
1489,2025-02-22,East,Electronics,7,218.23,7.6,52.0,1411.51
1128,2025-02-22,East,Sports,3,67.78,18.9,70.0,164.91
1657,2025-02-23,North,Toys,8,29.29,6.8,47.0,218.39
1423,2025-02-23,North,Home & Garden,4,84.56,11.7,53.0,298.67
1320,2025-02-24,West,Clothing,17,47.19,24.1,,608.89
1089,2025-02-24,South,Sports,6,71.16,24.2,54.0,323.64
1645,2025-02-25,South,Electronics,8,213.72,3.2,34.0,1655.05
1911,2025-02-25,North,Electronics,5,250.78,27.9,67.0,904.06
1173,2025-02-26,West,Clothing,7,48.48,10.4,,304.07
1864,2025-02-26,East,Clothing,6,44.62,15.0,51.0,227.56
1370,2025-02-26,North,Sports,9,62.75,5.7,58.0,532.56
1734,2025-02-27,,Toys,5,27.92,9.5,61.0,126.34
1002,2025-02-27,North,Sports,7,67.59,4.1,43.0,453.73
1836,2025-02-28,East,Electronics,10,262.83,25.1,30.0,1968.6
1402,2025-03-01,East,Clothing,5,49.61,27.3,54.0,180.33
1210,2025-03-01,North,Toys,8,26.63,19.3,44.0,171.92
1815,2025-03-01,North,Toys,8,35.59,12.0,25.0,250.55
1050,2025-03-01,East,Electronics,11,208.79,10.9,32.0,2046.35
1766,2025-03-02,East,Toys,6,30.37,28.5,33.0,130.29
1602,2025-03-02,North,Sports,7,66.98,,70.0,338.52
1598,2025-03-02,East,Sports,8,70.08,9.4,26.0,507.94
1107,2025-03-02,West,Clothing,5,38.85,19.2,57.0,156.95
1025,2025-03-03,North,Toys,7,33.82,10.4,30.0,212.12
1112,2025-03-03,East,Clothing,6,40.0,25.7,69.0,178.32
1806,2025-03-03,West,Electronics,7,192.08,15.8,45.0,1132.12
1918,2025-03-04,West,Home & Garden,6,91.41,0.5,63.0,545.72
1613,2025-03-04,North,Sports,5,62.77,18.7,48.0,255.16
1160,2025-03-04,South,Clothing,10,51.61,24.3,,390.69
1690,2025-03-04,West,Electronics,6,220.39,0.3,60.0,1318.37
1278,2025-03-04,North,Sports,5,55.41,29.3,28.0,195.87
1016,2025-03-05,South,Toys,2,33.52,16.9,32.0,55.71
1955,2025-03-05,South,Toys,6,27.31,0.4,54.0,163.2
1476,2025-03-05,South,Clothing,3,41.22,6.8,70.0,115.25
1725,2025-03-05,West,Home & Garden,9,71.16,20.3,21.0,510.43
1106,2025-03-06,South,Electronics,5,236.44,16.2,40.0,990.68
1249,2025-03-06,North,Clothing,7,41.12,16.0,47.0,241.79
1990,2025-03-06,South,Toys,7,34.53,9.3,18.0,219.23
1213,2025-03-07,East,Home & Garden,4,78.99,24.3,67.0,239.18
1559,2025-03-09,North,Toys,6,34.18,18.0,56.0,168.17
1639,2025-03-09,North,Electronics,7,247.66,2.1,62.0,1697.21
1692,2025-03-10,East,Toys,5,27.13,28.3,19.0,97.26
1745,2025-03-10,North,Clothing,4,43.02,4.4,28.0,164.51
1135,2025-03-10,South,Sports,6,69.37,20.2,33.0,332.14
1261,2025-03-10,North,Clothing,3,40.26,0.2,48.0,120.54
1071,2025-03-11,,Sports,6,62.06,4.8,67.0,354.49
1484,2025-03-11,South,Electronics,4,221.1,9.6,33.0,799.5
1105,2025-03-11,West,Clothing,8,42.42,7.9,41.0,312.55
1591,2025-03-13,North,Sports,5,68.74,3.1,18.0,333.05
1716,2025-03-13,South,Toys,7,30.07,0.2,31.0,210.07
1596,2025-03-14,North,Electronics,11,210.35,5.1,19.0,2195.84
1686,2025-03-14,South,Home & Garden,10,95.56,11.2,40.0,848.57
1860,2025-03-14,South,Sports,5,61.25,6.0,65.0,287.88
1852,2025-03-14,South,Clothing,7,51.73,22.3,41.0,281.36
1472,2025-03-15,North,Sports,5,56.02,19.7,24.0,224.92
1551,2025-03-15,East,Clothing,7,39.48,3.3,18.0,267.24
1428,2025-03-15,South,Toys,4,26.92,10.8,47.0,96.05
1092,2025-03-16,South,Home & Garden,8,94.0,26.5,30.0,552.72
1654,2025-03-16,South,Home & Garden,6,68.85,21.5,32.0,324.28
1103,2025-03-16,North,Toys,9,32.8,2.5,44.0,287.82
1291,2025-03-17,South,Clothing,15,38.67,14.6,,495.36
1336,2025-03-18,East,Toys,6,31.75,26.5,50.0,140.02
1227,2025-03-18,West,Electronics,3,260.06,24.0,21.0,592.94
1837,2025-03-18,West,Toys,12,26.69,29.0,58.0,227.4
1885,2025-03-20,South,Sports,8,64.49,4.0,22.0,495.28
1166,2025-03-21,West,Electronics,7,227.39,21.7,22.0,1246.32
1514,2025-03-22,West,Clothing,8,45.14,23.0,62.0,278.06
1741,2025-03-22,North,Home & Garden,8,79.12,28.6,37.0,451.93
1849,2025-03-24,South,Home & Garden,10,85.4,10.6,41.0,763.48
1867,2025-03-24,South,Electronics,7,253.7,22.6,61.0,1374.55
1149,2025-03-25,West,Sports,5,59.4,21.5,49.0,233.14
1028,2025-03-26,West,Clothing,11,40.66,24.0,66.0,339.92
1524,2025-03-27,South,Electronics,8,221.54,19.0,61.0,1435.58
1302,2025-03-27,North,Home & Garden,6,95.73,7.2,53.0,533.02
1794,2025-03-27,East,Clothing,12,50.6,1.8,23.0,596.27
1605,2025-03-27,West,Electronics,7,193.09,19.5,22.0,1088.06
1433,2025-03-27,North,Electronics,7,260.67,18.4,48.0,1488.95
1038,2025-03-28,North,Electronics,6,237.7,8.2,50.0,1309.25
1553,2025-03-29,North,Home & Garden,6,93.73,25.2,59.0,420.66
1482,2025-03-29,West,Electronics,9,218.33,16.4,51.0,1642.71
1334,2025-03-29,West,Toys,8,29.62,2.3,60.0,231.51
1388,2025-03-30,West,Clothing,4,47.49,18.9,68.0,154.06
1545,2025-03-30,West,Clothing,2,46.67,16.0,18.0,78.41
1084,2025-03-31,East,Home & Garden,5,94.5,21.7,38.0,369.97
1101,2025-03-31,West,Home & Garden,6,91.35,17.2,65.0,453.83
1582,2025-03-31,South,Clothing,9,40.11,11.9,33.0,318.03
1090,2025-03-31,,Electronics,2,217.34,5.3,31.0,411.64
1611,2025-04-01,West,Sports,6,57.07,28.3,43.0,245.52
1589,2025-04-02,West,Toys,9,28.64,4.9,38.0,245.13
1816,2025-04-02,North,Electronics,4,209.75,9.0,34.0,763.49
1868,2025-04-03,North,Sports,9,65.77,25.4,53.0,441.58
1513,2025-04-04,West,Sports,3,51.37,8.2,,141.47
1963,2025-04-04,West,Electronics,5,249.97,18.0,57.0,1024.88
1019,2025-04-04,East,Electronics,12,218.78,9.0,58.0,2389.08
1459,2025-04-04,South,Clothing,7,38.64,10.4,50.0,242.35
1093,2025-04-05,West,Toys,7,27.21,10.8,37.0,169.9
1590,2025-04-06,South,Electronics,11,262.01,28.1,47.0,2072.24
1723,2025-04-07,North,Sports,12,60.48,1.7,55.0,713.42
1865,2025-04-07,North,Toys,7,26.34,3.8,23.0,177.37
1361,2025-04-07,East,Electronics,5,204.8,19.2,53.0,827.39
1775,2025-04-07,East,Sports,10,61.48,24.3,56.0,465.4
1477,2025-04-08,East,Home & Garden,5,93.24,6.1,29.0,437.76
1856,2025-04-09,North,Toys,6,35.47,20.1,50.0,170.04
1297,2025-04-09,North,Clothing,168,46.01,29.6,,5441.69
1650,2025-04-09,South,Toys,6,33.28,5.1,26.0,189.5
1560,2025-04-10,East,Toys,9,31.77,18.2,27.0,233.89
1882,2025-04-10,North,Clothing,4,51.54,15.2,32.0,174.82
1780,2025-04-10,North,Sports,10,51.61,21.0,23.0,407.72
1146,2025-04-11,South,Home & Garden,5,85.58,,54.0,412.5
1835,2025-04-12,South,Home & Garden,6,80.04,27.4,24.0,348.65
1125,2025-04-12,East,Toys,7,32.45,4.4,32.0,217.16
1643,2025-04-12,North,Home & Garden,9,84.69,28.8,23.0,542.69
1232,2025-04-13,North,Sports,7,54.92,12.8,67.0,335.23
1151,2025-04-13,South,Clothing,9,46.51,16.7,27.0,348.69
1037,2025-04-14,East,Toys,9,32.38,0.8,34.0,289.09
1610,2025-04-14,West,Electronics,7,222.61,30.0,65.0,1090.79
1006,2025-04-14,North,Toys,9,25.58,14.9,59.0,195.92
1668,2025-04-15,West,Sports,7,53.76,4.5,,359.39
1829,2025-04-17,East,Sports,9,67.34,9.5,68.0,548.48
1427,2025-04-17,North,Sports,7,54.15,20.9,62.0,299.83
1504,2025-04-19,North,Clothing,7,44.23,23.8,43.0,235.92
1492,2025-04-19,South,Home & Garden,10,82.99,16.9,28.0,689.65
1921,2025-04-22,South,Clothing,9,47.34,25.1,64.0,319.12
1558,2025-04-23,West,Sports,7,64.41,29.6,,317.41
1396,2025-04-23,East,Home & Garden,4,78.76,,66.0,237.54
1781,2025-04-25,South,Electronics,8,251.93,,51.0,1670.8
1812,2025-04-25,South,Sports,7,58.57,24.6,58.0,309.13
1517,2025-04-27,East,Home & Garden,6,71.28,6.9,64.0,398.17
1904,2025-04-28,East,Clothing,5,39.06,11.1,30.0,173.62
1375,2025-04-29,East,Toys,8,29.79,12.1,27.0,209.48
1035,2025-04-30,West,Electronics,3,229.46,29.2,18.0,487.37
1565,2025-05-01,South,Home & Garden,6,78.82,10.0,58.0,425.63
1358,2025-05-02,North,Electronics,6,260.79,,59.0,1254.92
1389,2025-05-02,West,Toys,7,35.61,1.7,18.0,245.03
1362,2025-05-02,West,Electronics,7,234.44,6.4,24.0,1536.05
1364,2025-05-03,North,Clothing,6,43.42,6.5,37.0,243.59
1048,2025-05-03,East,Sports,9,59.75,0.6,20.0,534.52
1579,2025-05-03,West,Electronics,5,189.29,1.1,36.0,936.04
1304,2025-05-05,West,Toys,5,26.82,18.2,59.0,109.69
1828,2025-05-05,West,Toys,4,32.9,27.3,24.0,95.67
1740,2025-05-06,South,Clothing,6,45.99,3.2,25.0,267.11
1095,2025-05-06,North,Clothing,8,39.91,4.1,18.0,306.19
1179,2025-05-07,East,Clothing,5,53.81,11.8,43.0,237.3
1220,2025-05-08,North,Home & Garden,6,77.0,25.9,26.0,342.34
1592,2025-05-08,South,Clothing,7,48.5,19.1,27.0,274.66
1345,2025-05-10,East,Electronics,8,193.09,2.6,,1504.56
1067,2025-05-10,East,Toys,7,35.28,28.4,66.0,176.82
1202,2025-05-11,North,Home & Garden,7,76.47,6.7,40.0,499.43
1843,2025-05-12,West,Toys,6,34.46,8.7,53.0,188.77
1840,2025-05-13,West,Home & Garden,7,72.22,9.0,29.0,460.04
1943,2025-05-14,West,Toys,14,34.07,13.1,36.0,414.5
1529,2025-05-15,North,Electronics,10,261.67,14.6,33.0,2234.66
1153,2025-05-16,West,Home & Garden,7,75.28,20.5,55.0,418.93
1642,2025-05-16,South,Electronics,232,214.62,11.9,45.0,43866.61
1324,2025-05-16,East,Toys,7,33.68,,50.0,176.58
1669,2025-05-17,North,Home & Garden,3,74.23,19.0,35.0,180.38
1804,2025-05-17,North,Clothing,5,50.56,1.9,54.0,248.0
1530,2025-05-18,East,Toys,6,30.48,20.4,70.0,145.57
1715,2025-05-18,East,Sports,6,54.06,1.4,49.0,319.82
1969,2025-05-18,East,Toys,6,27.72,17.0,,138.05
1061,2025-05-19,West,Sports,4,68.6,7.6,47.0,253.55
1733,2025-05-19,West,Sports,7,53.26,23.7,32.0,284.46
1452,2025-05-20,West,Electronics,6,254.73,24.9,56.0,1147.81
1586,2025-05-20,East,Clothing,6,45.32,21.8,58.0,212.64
1527,2025-05-20,South,Clothing,7,46.14,29.8,55.0,226.73
1499,2025-05-21,North,Home & Garden,10,77.65,1.2,41.0,767.18
1577,2025-05-21,South,Home & Garden,4,74.89,21.3,61.0,235.75
1264,2025-05-21,East,Toys,11,25.84,2.9,38.0,276.0
1024,2025-05-21,East,Toys,11,26.66,7.4,30.0,271.56
1421,2025-05-22,South,Toys,4,31.77,16.6,41.0,105.98
1862,2025-05-22,West,Clothing,5,51.99,26.7,32.0,190.54
1438,2025-05-22,East,Sports,11,68.92,1.8,69.0,744.47
1722,2025-05-24,East,Sports,5,56.01,0.3,,279.21
1693,2025-05-24,West,Sports,8,62.92,16.3,41.0,421.31
1491,2025-05-25,South,Clothing,6,42.41,9.2,60.0,231.05
1470,2025-05-25,,Electronics,6,217.31,16.3,43.0,1091.33
1680,2025-05-26,South,Home & Garden,4,88.45,19.6,51.0,284.46
1409,2025-05-26,South,Electronics,2,230.74,21.3,50.0,363.18
1286,2025-05-27,West,Electronics,9,242.35,24.4,62.0,1648.95
1382,2025-05-27,South,Clothing,3,38.62,20.7,38.0,91.88
1754,2025-05-27,East,Clothing,7,50.43,8.0,31.0,324.77
1764,2025-05-27,North,Sports,4,66.84,7.3,33.0,247.84
1348,2025-05-27,West,Sports,8,65.26,21.6,21.0,409.31
1181,2025-05-28,East,Sports,7,59.8,28.3,42.0,300.14
1319,2025-05-28,West,Home & Garden,5,88.29,19.3,27.0,356.25
1081,2025-05-29,West,Toys,4,28.43,18.8,44.0,92.34
1936,2025-05-29,North,Electronics,5,208.51,24.7,64.0,785.04
1926,2025-06-01,North,Electronics,5,246.81,7.9,63.0,1136.56
1694,2025-06-01,South,Clothing,7,47.99,13.5,34.0,290.58
1949,2025-06-02,East,Electronics,3,261.59,7.3,68.0,727.48
1383,2025-06-02,West,Clothing,8,50.67,1.7,29.0,398.47
1965,2025-06-03,East,Toys,6,25.64,5.8,50.0,144.92
1571,2025-06-03,West,Electronics,4,258.87,13.4,28.0,896.73
1640,2025-06-03,West,Clothing,5,41.32,17.2,58.0,171.06
1763,2025-06-03,South,Electronics,9,233.82,10.4,19.0,1885.52
1776,2025-06-04,South,Electronics,5,199.51,19.5,33.0,803.03
1293,2025-06-05,North,Home & Garden,5,69.57,2.6,45.0,338.81
1671,2025-06-05,West,Sports,6,63.6,19.8,,306.04
1340,2025-06-05,North,Home & Garden,9,79.16,13.6,60.0,615.55
1448,2025-06-06,East,Toys,6,25.67,19.7,32.0,123.68
1515,2025-06-08,North,Clothing,6,52.95,21.2,,250.35
1274,2025-06-08,,Sports,5,54.47,4.6,45.0,259.82
1195,2025-06-08,,Home & Garden,4,88.34,21.7,26.0,276.68
1684,2025-06-08,West,Sports,11,68.03,25.8,31.0,555.26
1751,2025-06-09,North,Toys,7,35.97,20.6,,199.92
1649,2025-06-09,West,Toys,5,32.61,24.0,38.0,123.92
1451,2025-06-09,West,Clothing,8,43.04,10.7,45.0,307.48
1683,2025-06-09,South,Electronics,4,221.58,28.4,48.0,634.61
1503,2025-06-10,,Clothing,4,53.41,1.0,24.0,211.5
1200,2025-06-10,North,Sports,7,58.2,23.5,65.0,311.66
1999,2025-06-10,South,Clothing,8,41.45,7.9,58.0,305.4
1337,2025-06-10,South,Sports,10,53.13,1.1,70.0,525.46
1853,2025-06-10,North,Home & Garden,8,69.3,14.1,30.0,476.23
1609,2025-06-12,East,Clothing,11,52.23,3.3,24.0,555.57
1466,2025-06-12,North,Electronics,8,247.34,17.2,58.0,1638.38
1861,2025-06-13,North,Sports,8,53.15,5.6,29.0,401.39
1064,2025-06-13,East,Sports,8,67.78,28.7,45.0,386.62
1797,2025-06-13,West,Toys,8,28.94,21.5,49.0,181.74
1208,2025-06-14,West,Sports,9,51.11,6.9,23.0,428.25
1417,2025-06-14,East,Sports,9,53.89,6.4,30.0,453.97
1046,2025-06-14,West,Electronics,6,221.51,20.1,22.0,1061.92
1355,2025-06-14,South,Clothing,5,41.99,24.4,35.0,158.72
1404,2025-06-15,East,Clothing,2,41.06,13.7,30.0,70.87
1959,2025-06-15,East,Sports,6,70.49,24.5,69.0,319.32
1947,2025-06-16,East,Electronics,7,193.48,0.6,41.0,1346.23
1441,2025-06-16,South,Sports,8,60.93,12.7,28.0,425.54
1325,2025-06-17,East,Toys,6,31.23,4.0,24.0,179.88
1012,2025-06-17,South,Sports,4,59.83,8.4,18.0,219.22
1594,2025-06-19,North,Electronics,3,241.76,8.0,,667.26
1894,2025-06-20,West,Sports,7,67.31,29.2,25.0,333.59
1914,2025-06-20,North,Sports,10,63.15,,63.0,572.77
1851,2025-06-20,North,Electronics,5,190.47,4.0,30.0,914.26
1141,2025-06-21,East,Toys,6,29.36,16.7,59.0,146.74
1555,2025-06-22,West,Home & Garden,6,85.5,3.8,32.0,493.51
1772,2025-06-23,North,Clothing,8,47.15,3.0,38.0,365.88
1265,2025-06-25,North,Clothing,3,51.25,4.6,47.0,146.68
1145,2025-06-26,South,Clothing,8,50.76,19.0,,328.92
1356,2025-06-26,South,Home & Garden,5,84.69,5.4,64.0,400.58
1347,2025-06-26,South,Toys,11,35.67,22.3,21.0,304.87
1511,2025-06-28,North,Clothing,9,53.35,8.7,53.0,438.38
1161,2025-06-28,West,Home & Garden,12,78.13,25.6,45.0,697.54
1810,2025-06-29,North,Toys,6,26.72,23.4,40.0,122.81
1691,2025-06-29,East,Sports,6,68.76,13.1,29.0,358.51
1401,2025-06-29,North,Toys,7,34.7,1.4,27.0,239.5
1820,2025-06-30,East,Clothing,4,44.14,,35.0,159.96
